Bac,Phage,Phage_Type,Topt
Aeromonas popoffii,0,Bac_only,23.60997
Aeromonas popoffii,0,Bac_only,24.0134
Aeromonas popoffii,0,Bac_only,23.885853
Aeromonas popoffii,1,AP.P1,31.717164
Aeromonas popoffii,1,AP.P1,34.01019
Aeromonas popoffii,1,AP.P1,33.815268
Aeromonas popoffii,1,AP.P2,28.235032
Aeromonas popoffii,1,AP.P2,30.0267
Aeromonas popoffii,1,AP.P2,31.11348
Aeromonas popoffii,1,AP.P3,31.30549
Aeromonas popoffii,1,AP.P3,29.63341
Aeromonas popoffii,1,AP.P3,30.13432
Aeromonas popoffii,1,AP.P4,27.096575
Aeromonas popoffii,1,AP.P4,27.286518
Aeromonas popoffii,1,AP.P4,27.718858
Aeromonas popoffii,1,AP.P5,30.52898
Aeromonas popoffii,1,AP.P5,28.203567
Aeromonas popoffii,1,AP.P5,29.215936
Flavobacterium glaciei,0,Bac_only,23.949007
Flavobacterium glaciei,0,Bac_only,24.105637
Flavobacterium glaciei,0,Bac_only,23.781895
Flavobacterium glaciei,1,FG.P2,26.21022
Flavobacterium glaciei,1,FG.P2,26.72806
Flavobacterium glaciei,1,FG.P2,26.71114
Flavobacterium glaciei,1,FG.P3,27.599
Flavobacterium glaciei,1,FG.P3,27.77612
Flavobacterium glaciei,1,FG.P3,27.93807
Flavobacterium glaciei,1,FG.P4,27.85056
Flavobacterium glaciei,1,FG.P4,27.54362
Flavobacterium glaciei,1,FG.P4,27.1561
Flavobacterium glaciei,1,FG.P1,28.81876
Flavobacterium glaciei,1,FG.P1,29.03244
Flavobacterium glaciei,1,FG.P1,32.67218
Pseudomonas baetica,0,Bac_only,14.76825
Pseudomonas baetica,0,Bac_only,14.09931
Pseudomonas baetica,0,Bac_only,14.22486
Pseudomonas baetica,1,PB.P1,30.002
Pseudomonas baetica,1,PB.P1,29.993
Pseudomonas baetica,1,PB.P1,30.02
