Chemical,AUC_without,Phage,Name,AUC_with,Relative_Growth
AAA,,AP.P5,,,0.706592664
AAA,,AP.P5,,,0.711050421
AAA,,AP.P5,,,0.688626553
AAA,,AP.P2,,,0.722139019
AAA,,AP.P2,,,0.710216427
AAA,,AP.P2,,,0.697735882
AAA,,AP.P4,,,0.705658826
AAA,,AP.P4,,,0.718151117
AAA,,AP.P4,,,0.69150442
AAA,,AP.P1,,,0.667618125
AAA,,AP.P1,,,0.583202655
AAA,,AP.P1,,,0.665210114
AAA,,AP.P3,,,0.376407365
AAA,,AP.P3,,,0.365295275
AAA,,AP.P3,,,0.332076469
Amoxicillin,71.271,AP.P1,P10S7A,55.1,0.773105471
Amoxicillin,71.271,AP.P1,P10S7A,52.808,0.740946528
Amoxicillin,71.271,AP.P1,P10S7A,55.583,0.779882421
Chlorothalonil,63.10333333,AP.P1,P10S7A,52.845,0.837435952
Chlorothalonil,63.10333333,AP.P1,P10S7A,52.31,0.828957794
Chlorothalonil,63.10333333,AP.P1,P10S7A,53.352,0.845470392
Diflufenican,70.11266667,AP.P1,P10S7A,53.538,0.76359954
Diflufenican,70.11266667,AP.P1,P10S7A,53.309,0.760333368
Diflufenican,70.11266667,AP.P1,P10S7A,52.917,0.754742367
Glyphosate,72.916,AP.P1,P10S7A,58.577,0.803349059
Glyphosate,72.916,AP.P1,P10S7A,57.57,0.789538647
Glyphosate,72.916,AP.P1,P10S7A,59.551,0.816706896
Imidacloprid,69.85266667,AP.P1,P10S7A,53.834,0.770679239
Imidacloprid,69.85266667,AP.P1,P10S7A,53.697,0.768717968
Imidacloprid,69.85266667,AP.P1,P10S7A,52.288,0.748546942
Oxytetracycline,47.92333333,AP.P1,P10S7A,24.336,0.507811087
Oxytetracycline,47.92333333,AP.P1,P10S7A,23.056,0.48110176
Oxytetracycline,47.92333333,AP.P1,P10S7A,22.342,0.466202963
Tebuconazole,69.40366667,AP.P1,P10S7A,52.21,0.75226573
Tebuconazole,69.40366667,AP.P1,P10S7A,48.813,0.70332019
Tebuconazole,69.40366667,AP.P1,P10S7A,53.536,0.771371349
Amoxicillin,71.271,AP.P2,P11LC1,56.325,0.790293387
Amoxicillin,71.271,AP.P2,P11LC1,55.446,0.77796018
Amoxicillin,71.271,AP.P2,P11LC1,52.77,0.740413352
Chlorothalonil,63.10333333,AP.P2,P11LC1,55.26,0.875706513
Chlorothalonil,63.10333333,AP.P2,P11LC1,49.417,0.783112355
Chlorothalonil,63.10333333,AP.P2,P11LC1,52.874,0.837895515
Diflufenican,70.11266667,AP.P2,P11LC1,58.184,0.829864314
Diflufenican,70.11266667,AP.P2,P11LC1,56.603,0.807314893
Diflufenican,70.11266667,AP.P2,P11LC1,58.843,0.839263471
Glyphosate,72.916,AP.P2,P11LC1,58.136,0.797301004
Glyphosate,72.916,AP.P2,P11LC1,57.136,0.783586593
Glyphosate,72.916,AP.P2,P11LC1,57.645,0.790567228
Imidacloprid,69.85266667,AP.P2,P11LC1,54.908,0.786054457
Imidacloprid,69.85266667,AP.P2,P11LC1,54.105,0.774558833
Imidacloprid,69.85266667,AP.P2,P11LC1,53.449,0.765167639
Oxytetracycline,47.92333333,AP.P2,P11LC1,19.308,0.40289351
Oxytetracycline,47.92333333,AP.P2,P11LC1,20.805,0.434130904
Oxytetracycline,47.92333333,AP.P2,P11LC1,19.996,0.417249774
Tebuconazole,69.40366667,AP.P2,P11LC1,52.83,0.761198976
Tebuconazole,69.40366667,AP.P2,P11LC1,53.594,0.77220704
Tebuconazole,69.40366667,AP.P2,P11LC1,52.037,0.749773067
Amoxicillin,71.271,AP.P3,P1P1S1,22.472,0.31530356
Amoxicillin,71.271,AP.P3,P1P1S1,28.383,0.398240519
Amoxicillin,71.271,AP.P3,P1P1S1,31.814,0.446380716
Chlorothalonil,63.10333333,AP.P3,P1P1S1,29.154,0.46200412
Chlorothalonil,63.10333333,AP.P3,P1P1S1,28.733,0.455332523
Chlorothalonil,63.10333333,AP.P3,P1P1S1,25.682,0.406983255
Diflufenican,70.11266667,AP.P3,P1P1S1,56.253,0.802322928
Diflufenican,70.11266667,AP.P3,P1P1S1,51.73,0.737812473
Diflufenican,70.11266667,AP.P3,P1P1S1,57.098,0.814374958
Glyphosate,72.916,AP.P3,P1P1S1,55.953,0.767362444
Glyphosate,72.916,AP.P3,P1P1S1,56.883,0.780116847
Glyphosate,72.916,AP.P3,P1P1S1,53.529,0.734118712
Imidacloprid,69.85266667,AP.P3,P1P1S1,26.301,0.376521059
Imidacloprid,69.85266667,AP.P3,P1P1S1,24.027,0.343966825
Imidacloprid,69.85266667,AP.P3,P1P1S1,27.653,0.395876082
Oxytetracycline,47.92333333,AP.P3,P1P1S1,15.217,0.317527996
Oxytetracycline,47.92333333,AP.P3,P1P1S1,14.081,0.293823468
Oxytetracycline,47.92333333,AP.P3,P1P1S1,16.273,0.339563191
Tebuconazole,69.40366667,AP.P3,P1P1S1,24.844,0.357963796
Tebuconazole,69.40366667,AP.P3,P1P1S1,25.231,0.363539871
Tebuconazole,69.40366667,AP.P3,P1P1S1,25.39,0.365830816
Amoxicillin,71.271,AP.P4,P1S1.2,56.352,0.790672223
Amoxicillin,71.271,AP.P4,P1S1.2,53.812,0.755033604
Amoxicillin,71.271,AP.P4,P1S1.2,53.529,0.751062845
Chlorothalonil,63.10333333,AP.P4,P1S1.2,55.278,0.87599176
Chlorothalonil,63.10333333,AP.P4,P1S1.2,54.822,0.868765517
Chlorothalonil,63.10333333,AP.P4,P1S1.2,54.72,0.86714912
Diflufenican,70.11266667,AP.P4,P1S1.2,53.922,0.769076439
Diflufenican,70.11266667,AP.P4,P1S1.2,53.18,0.758493472
Diflufenican,70.11266667,AP.P4,P1S1.2,52.244,0.745143531
Glyphosate,72.916,AP.P4,P1S1.2,52.42,0.71890943
Glyphosate,72.916,AP.P4,P1S1.2,53.689,0.736313018
Glyphosate,72.916,AP.P4,P1S1.2,56.094,0.769296176
Imidacloprid,69.85266667,AP.P4,P1S1.2,55.814,0.799024614
Imidacloprid,69.85266667,AP.P4,P1S1.2,55.135,0.789304154
Imidacloprid,69.85266667,AP.P4,P1S1.2,55.024,0.787715096
Oxytetracycline,47.92333333,AP.P4,P1S1.2,20.201,0.42152744
Oxytetracycline,47.92333333,AP.P4,P1S1.2,21.764,0.454142032
Oxytetracycline,47.92333333,AP.P4,P1S1.2,25.454,0.531140015
Tebuconazole,69.40366667,AP.P4,P1S1.2,53.318,0.768230305
Tebuconazole,69.40366667,AP.P4,P1S1.2,53.252,0.767279346
Tebuconazole,69.40366667,AP.P4,P1S1.2,54.228,0.781342004
Amoxicillin,71.271,AP.P5,PHS,54.684,0.767268595
Amoxicillin,71.271,AP.P5,PHS,56.118,0.78738898
Amoxicillin,71.271,AP.P5,PHS,54.925,0.770650054
Chlorothalonil,63.10333333,AP.P5,PHS,53.628,0.849844171
Chlorothalonil,63.10333333,AP.P5,PHS,53.165,0.842506999
Chlorothalonil,63.10333333,AP.P5,PHS,54.044,0.856436533
Diflufenican,70.11266667,AP.P5,PHS,58.979,0.841203206
Diflufenican,70.11266667,AP.P5,PHS,57.759,0.823802641
Diflufenican,70.11266667,AP.P5,PHS,58.983,0.841260257
Glyphosate,72.916,AP.P5,PHS,57.086,0.782900872
Glyphosate,72.916,AP.P5,PHS,58.397,0.800880465
Glyphosate,72.916,AP.P5,PHS,59.603,0.817420045
Imidacloprid,69.85266667,AP.P5,PHS,55.143,0.789418681
Imidacloprid,69.85266667,AP.P5,PHS,52.683,0.754201701
Imidacloprid,69.85266667,AP.P5,PHS,53.998,0.773027038
Oxytetracycline,47.92333333,AP.P5,PHS,20.88,0.435695903
Oxytetracycline,47.92333333,AP.P5,PHS,24.712,0.515656952
Oxytetracycline,47.92333333,AP.P5,PHS,18.89,0.394171246
Tebuconazole,69.40366667,AP.P5,PHS,51.424,0.74094068
Tebuconazole,69.40366667,AP.P5,PHS,51.604,0.743534203
Tebuconazole,69.40366667,AP.P5,PHS,52.754,0.760103933
