Bac,AUC_without,AUC_with,Relative Growth,Temp
Pseudomonas baetica,49.59133333,9.040833333,0.18230672,5
Flavobacterium glaciei,14.51616667,13.17,0.907264314,5
Flavobacterium glaciei,14.51616667,12.76783333,0.879559572,5
Flavobacterium glaciei,14.51616667,12.06366667,0.831050438,5
Flavobacterium glaciei,14.51616667,13.17166667,0.907379129,5
Aeromonas popoffii,42.25916667,27.35483333,0.647311234,5
Aeromonas popoffii,42.25916667,38.2505,0.905140896,5
Aeromonas popoffii,42.25916667,35.979,0.851389245,5
Aeromonas popoffii,42.25916667,41.20133333,0.974967956,5
Aeromonas popoffii,42.25916667,37.9525,0.898089172,5
Pseudomonas baetica,61.07966667,11.308,0.185135261,10
Flavobacterium glaciei,17.19466667,10.11566667,0.588302574,10
Flavobacterium glaciei,17.19466667,11.24316667,0.653875233,10
Flavobacterium glaciei,17.19466667,10.775,0.626647798,10
Flavobacterium glaciei,17.19466667,12.547,0.729703009,10
Aeromonas popoffii,57.613,28.07033333,0.487222213,10
Aeromonas popoffii,57.613,36.67433333,0.636563507,10
Aeromonas popoffii,57.613,36.05733333,0.625854119,10
Aeromonas popoffii,57.613,38.42933333,0.667025382,10
Aeromonas popoffii,57.613,41.0515,0.712538837,10
Pseudomonas baetica,68.81633333,9.2445,0.134335841,15
Flavobacterium glaciei,18.63233333,6.522166667,0.35004562,15
Flavobacterium glaciei,18.63233333,7.474833333,0.401175376,15
Flavobacterium glaciei,18.63233333,7.788166667,0.417992021,15
Flavobacterium glaciei,18.63233333,8.670833333,0.465364868,15
Aeromonas popoffii,74.56616667,40.97566667,0.549520895,15
Aeromonas popoffii,74.56616667,42.56733333,0.570866591,15
Aeromonas popoffii,74.56616667,45.17466667,0.605833298,15
Aeromonas popoffii,74.56616667,43.93083333,0.589152364,15
Aeromonas popoffii,74.56616667,31.581,0.423529885,15
Pseudomonas baetica,60.62966667,11.308,0.186509355,20
Flavobacterium glaciei,22.955,10.11566667,0.440673782,20
Flavobacterium glaciei,22.955,11.24316667,0.489791621,20
Flavobacterium glaciei,22.955,10.775,0.469396646,20
Flavobacterium glaciei,22.955,12.547,0.546591157,20
Aeromonas popoffii,85.1325,59.77066667,0.70208988,20
Aeromonas popoffii,85.1325,60.44666667,0.710030443,20
Aeromonas popoffii,85.1325,60.02733333,0.705104788,20
Aeromonas popoffii,85.1325,54.37216667,0.638676964,20
Aeromonas popoffii,85.1325,30.47116667,0.35792637,20
Pseudomonas baetica,51.93316667,11.308,0.217741392,25
Flavobacterium glaciei,26.3925,10.11566667,0.383278078,25
Flavobacterium glaciei,26.3925,11.24316667,0.425998548,25
Flavobacterium glaciei,26.3925,10.775,0.408259922,25
Flavobacterium glaciei,26.3925,12.547,0.475400208,25
Aeromonas popoffii,85.0615,77.84233333,0.915130033,25
Aeromonas popoffii,85.0615,75.724,0.890226483,25
Aeromonas popoffii,85.0615,76.04066667,0.89394928,25
Aeromonas popoffii,85.0615,63.9825,0.752191062,25
Aeromonas popoffii,85.0615,70.91366667,0.833675243,25
Pseudomonas baetica,39.79233333,11.308,0.284175344,30
Flavobacterium glaciei,19.98633333,10.11566667,0.506129188,30
Flavobacterium glaciei,19.98633333,11.24316667,0.562542738,30
Flavobacterium glaciei,19.98633333,10.775,0.539118398,30
Flavobacterium glaciei,19.98633333,12.547,0.627778982,30
Aeromonas popoffii,78.81316667,81.892,1.039064962,30
Aeromonas popoffii,78.81316667,80.238,1.018078621,30
Aeromonas popoffii,78.81316667,72.25,0.916724997,30
Aeromonas popoffii,78.81316667,72.11566667,0.915020544,30
Aeromonas popoffii,78.81316667,56.26483333,0.713901442,30
